Index,Date,Open,High,Low,Close,Adj Close,Volume
NYA,1965-12-31,528.690002,528.690002,528.690002,528.690002,528.690002,0
NYA,1966-01-03,527.210022,527.210022,527.210022,527.210022,527.210022,0
NYA,1966-01-04,527.840027,527.840027,527.840027,527.840027,527.840027,0
NYA,1966-01-05,531.119995,531.119995,531.119995,531.119995,531.119995,0
NYA,1966-01-06,532.070007,532.070007,532.070007,532.070007,532.070007,0
NYA,1966-01-07,532.599976,532.599976,532.599976,532.599976,532.599976,0
NYA,1966-01-10,533.869995,533.869995,533.869995,533.869995,533.869995,0
NYA,1966-01-11,534.289978,534.289978,534.289978,534.289978,534.289978,0
NYA,1966-01-12,533.340027,533.340027,533.340027,533.340027,533.340027,0
NYA,1966-01-13,534.400024,534.400024,534.400024,534.400024,534.400024,0
NYA,1966-01-14,535.450012,535.450012,535.450012,535.450012,535.450012,0
NYA,1966-01-17,537.460022,537.460022,537.460022,537.460022,537.460022,0
NYA,1966-01-18,538.940002,538.940002,538.940002,538.940002,538.940002,0
NYA,1966-01-19,537.669983,537.669983,537.669983,537.669983,537.669983,0
NYA,1966-01-20,535.669983,535.669983,535.669983,535.669983,535.669983,0
NYA,1966-01-21,535.97998,535.97998,535.97998,535.97998,535.97998,0
NYA,1966-01-24,537.669983,537.669983,537.669983,537.669983,537.669983,0
NYA,1966-01-25,538.099976,538.099976,538.099976,538.099976,538.099976,0
NYA,1966-01-26,537.570007,537.570007,537.570007,537.570007,537.570007,0
NYA,1966-01-27,537.359985,537.359985,537.359985,537.359985,537.359985,0
NYA,1966-01-28,535.669983,535.669983,535.669983,535.669983,535.669983,0
NYA,1966-01-31,533.340027,533.340027,533.340027,533.340027,533.340027,0
NYA,1966-02-01,529.109985,529.109985,529.109985,529.109985,529.109985,0
NYA,1966-02-02,531.440002,531.440002,531.440002,531.440002,531.440002,0
NYA,1966-02-03,532.070007,532.070007,532.070007,532.070007,532.070007,0
NYA,1966-02-04,535.450012,535.450012,535.450012,535.450012,535.450012,0
NYA,1966-02-07,537.25,537.25,537.25,537.25,537.25,0
NYA,1966-02-08,536.830017,536.830017,536.830017,536.830017,536.830017,0
NYA,1966-02-09,539.890015,539.890015,539.890015,539.890015,539.890015,0
NYA,1966-02-10,538.409973,538.409973,538.409973,538.409973,538.409973,0
NYA,1966-02-11,538.309998,538.309998,538.309998,538.309998,538.309998,0
NYA,1966-02-14,537.780029,537.780029,537.780029,537.780029,537.780029,0
NYA,1966-02-15,535.450012,535.450012,535.450012,535.450012,535.450012,0
NYA,1966-02-16,535.349976,535.349976,535.349976,535.349976,535.349976,0
NYA,1966-02-17,532.48999,532.48999,532.48999,532.48999,532.48999,0
NYA,1966-02-18,531.440002,531.440002,531.440002,531.440002,531.440002,0
NYA,1966-02-21,528.26001,528.26001,528.26001,528.26001,528.26001,0
NYA,1966-02-23,525.940002,525.940002,525.940002,525.940002,525.940002,0
NYA,1966-02-24,522.450012,522.450012,522.450012,522.450012,522.450012,0
NYA,1966-02-25,523.929993,523.929993,523.929993,523.929993,523.929993,0
NYA,1966-02-28,524.559998,524.559998,524.559998,524.559998,524.559998,0
NYA,1966-03-01,517.900024,517.900024,517.900024,517.900024,517.900024,0
NYA,1966-03-02,512.830017,512.830017,512.830017,512.830017,512.830017,0
NYA,1966-03-03,514.940002,514.940002,514.940002,514.940002,514.940002,0
NYA,1966-03-04,513.349976,513.349976,513.349976,513.349976,513.349976,0
NYA,1966-03-07,506.380005,506.380005,506.380005,506.380005,506.380005,0
NYA,1966-03-08,506.899994,506.899994,506.899994,506.899994,506.899994,0
NYA,1966-03-09,511.130005,511.130005,511.130005,511.130005,511.130005,0
NYA,1966-03-10,511.23999,511.23999,511.23999,511.23999,511.23999,0
NYA,1966-03-11,510.820007,510.820007,510.820007,510.820007,510.820007,0
NYA,1966-03-14,504.899994,504.899994,504.899994,504.899994,504.899994,0
NYA,1966-03-15,501.51001,501.51001,501.51001,501.51001,501.51001,0
NYA,1966-03-16,504.26001,504.26001,504.26001,504.26001,504.26001,0
NYA,1966-03-17,505.850006,505.850006,505.850006,505.850006,505.850006,0
NYA,1966-03-18,508.279999,508.279999,508.279999,508.279999,508.279999,0
NYA,1966-03-21,512.190002,512.190002,512.190002,512.190002,512.190002,0
NYA,1966-03-22,513.669983,513.669983,513.669983,513.669983,513.669983,0
NYA,1966-03-23,511.980011,511.980011,511.980011,511.980011,511.980011,0
NYA,1966-03-24,512.719971,512.719971,512.719971,512.719971,512.719971,0
NYA,1966-03-25,513.98999,513.98999,513.98999,513.98999,513.98999,0
NYA,1966-03-28,514.940002,514.940002,514.940002,514.940002,514.940002,0
NYA,1966-03-29,512.830017,512.830017,512.830017,512.830017,512.830017,0
NYA,1966-03-30,508.600006,508.600006,508.600006,508.600006,508.600006,0
NYA,1966-03-31,511.450012,511.450012,511.450012,511.450012,511.450012,0
NYA,1966-04-01,515.580017,515.580017,515.580017,515.580017,515.580017,0
NYA,1966-04-04,520.22998,520.22998,520.22998,520.22998,520.22998,0
NYA,1966-04-05,523.51001,523.51001,523.51001,523.51001,523.51001,0
NYA,1966-04-06,524.880005,524.880005,524.880005,524.880005,524.880005,0
NYA,1966-04-07,525.940002,525.940002,525.940002,525.940002,525.940002,0
NYA,1966-04-11,525.72998,525.72998,525.72998,525.72998,525.72998,0
NYA,1966-04-12,524.140015,524.140015,524.140015,524.140015,524.140015,0
NYA,1966-04-13,524.349976,524.349976,524.349976,524.349976,524.349976,0
NYA,1966-04-14,525.409973,525.409973,525.409973,525.409973,525.409973,0
NYA,1966-04-15,526.359985,526.359985,526.359985,526.359985,526.359985,0
NYA,1966-04-18,524.25,524.25,524.25,524.25,524.25,0
NYA,1966-04-19,524.559998,524.559998,524.559998,524.559998,524.559998,0
NYA,1966-04-20,527.419983,527.419983,527.419983,527.419983,527.419983,0
NYA,1966-04-21,529.109985,529.109985,529.109985,529.109985,529.109985,0
NYA,1966-04-22,528.049988,528.049988,528.049988,528.049988,528.049988,0
NYA,1966-04-25,527.52002,527.52002,527.52002,527.52002,527.52002,0
NYA,1966-04-26,526.150024,526.150024,526.150024,526.150024,526.150024,0
NYA,1966-04-27,524.349976,524.349976,524.349976,524.349976,524.349976,0
NYA,1966-04-28,521.179993,521.179993,521.179993,521.179993,521.179993,0
NYA,1966-04-29,521.179993,521.179993,521.179993,521.179993,521.179993,0
NYA,1966-05-02,520.539978,520.539978,520.539978,520.539978,520.539978,0
NYA,1966-05-03,514.72998,514.72998,514.72998,514.72998,514.72998,0
NYA,1966-05-04,511.980011,511.980011,511.980011,511.980011,511.980011,0
NYA,1966-05-05,503.100006,503.100006,503.100006,503.100006,503.100006,0
NYA,1966-05-06,502.149994,502.149994,502.149994,502.149994,502.149994,0
NYA,1966-05-09,493.480011,493.480011,493.480011,493.480011,493.480011,0
NYA,1966-05-10,497.709991,497.709991,497.709991,497.709991,497.709991,0
NYA,1966-05-11,498.549988,498.549988,498.549988,498.549988,498.549988,0
NYA,1966-05-12,492.420013,492.420013,492.420013,492.420013,492.420013,0
NYA,1966-05-13,487.339996,487.339996,487.339996,487.339996,487.339996,0
NYA,1966-05-16,480.890015,480.890015,480.890015,480.890015,480.890015,0
NYA,1966-05-17,476.450012,476.450012,476.450012,476.450012,476.450012,0
NYA,1966-05-18,485.549988,485.549988,485.549988,485.549988,485.549988,0
NYA,1966-05-19,484.809998,484.809998,484.809998,484.809998,484.809998,0
NYA,1966-05-20,487.130005,487.130005,487.130005,487.130005,487.130005,0
NYA,1966-05-23,491.470001,491.470001,491.470001,491.470001,491.470001,0
NYA,1966-05-24,494.850006,494.850006,494.850006,494.850006,494.850006,0
NYA,1966-05-25,496.75,496.75,496.75,496.75,496.75,0
NYA,1966-05-26,496.75,496.75,496.75,496.75,496.75,0
NYA,1966-05-27,498.450012,498.450012,498.450012,498.450012,498.450012,0
NYA,1966-05-31,491.679993,491.679993,491.679993,491.679993,491.679993,0
NYA,1966-06-01,491.779999,491.779999,491.779999,491.779999,491.779999,0
NYA,1966-06-02,491.470001,491.470001,491.470001,491.470001,491.470001,0
NYA,1966-06-03,492.100006,492.100006,492.100006,492.100006,492.100006,0
NYA,1966-06-06,488.609985,488.609985,488.609985,488.609985,488.609985,0
NYA,1966-06-07,485.119995,485.119995,485.119995,485.119995,485.119995,0
NYA,1966-06-08,485.859985,485.859985,485.859985,485.859985,485.859985,0
NYA,1966-06-09,489.350006,489.350006,489.350006,489.350006,489.350006,0
NYA,1966-06-10,494.640015,494.640015,494.640015,494.640015,494.640015,0
NYA,1966-06-13,496.970001,496.970001,496.970001,496.970001,496.970001,0
NYA,1966-06-14,498.660004,498.660004,498.660004,498.660004,498.660004,0
NYA,1966-06-15,496.75,496.75,496.75,496.75,496.75,0
NYA,1966-06-16,495.589996,495.589996,495.589996,495.589996,495.589996,0
NYA,1966-06-17,495.700012,495.700012,495.700012,495.700012,495.700012,0
NYA,1966-06-20,495.48999,495.48999,495.48999,495.48999,495.48999,0
NYA,1966-06-21,497.279999,497.279999,497.279999,497.279999,497.279999,0
NYA,1966-06-22,498.230011,498.230011,498.230011,498.230011,498.230011,0
NYA,1966-06-23,496.230011,496.230011,496.230011,496.230011,496.230011,0
NYA,1966-06-24,496.440002,496.440002,496.440002,496.440002,496.440002,0
NYA,1966-06-27,493.369995,493.369995,493.369995,493.369995,493.369995,0
NYA,1966-06-28,491.040009,491.040009,491.040009,491.040009,491.040009,0
NYA,1966-06-29,486.179993,486.179993,486.179993,486.179993,486.179993,0
NYA,1966-06-30,485.440002,485.440002,485.440002,485.440002,485.440002,0
NYA,1966-07-01,490.200012,490.200012,490.200012,490.200012,490.200012,0
NYA,1966-07-05,491.040009,491.040009,491.040009,491.040009,491.040009,0
NYA,1966-07-06,497.920013,497.920013,497.920013,497.920013,497.920013,0
NYA,1966-07-07,499.709991,499.709991,499.709991,499.709991,499.709991,0
NYA,1966-07-08,500.559998,500.559998,500.559998,500.559998,500.559998,0
NYA,1966-07-11,499.820007,499.820007,499.820007,499.820007,499.820007,0
NYA,1966-07-12,497.279999,497.279999,497.279999,497.279999,497.279999,0
NYA,1966-07-13,494.220001,494.220001,494.220001,494.220001,494.220001,0
NYA,1966-07-14,497.070007,497.070007,497.070007,497.070007,497.070007,0
NYA,1966-07-15,498.549988,498.549988,498.549988,498.549988,498.549988,0
NYA,1966-07-18,498.019989,498.019989,498.019989,498.019989,498.019989,0
NYA,1966-07-19,494.429993,494.429993,494.429993,494.429993,494.429993,0
NYA,1966-07-20,489.98999,489.98999,489.98999,489.98999,489.98999,0
NYA,1966-07-21,489.880005,489.880005,489.880005,489.880005,489.880005,0
NYA,1966-07-22,489.459991,489.459991,489.459991,489.459991,489.459991,0
NYA,1966-07-25,480.26001,480.26001,480.26001,480.26001,480.26001,0
NYA,1966-07-26,479.100006,479.100006,479.100006,479.100006,479.100006,0
NYA,1966-07-27,481.529999,481.529999,481.529999,481.529999,481.529999,0
NYA,1966-07-28,479.730011,479.730011,479.730011,479.730011,479.730011,0
NYA,1966-07-29,478.880005,478.880005,478.880005,478.880005,478.880005,0
NYA,1966-08-01,471.589996,471.589996,471.589996,471.589996,471.589996,0
NYA,1966-08-02,471.480011,471.480011,471.480011,471.480011,471.480011,0
NYA,1966-08-03,476.140015,476.140015,476.140015,476.140015,476.140015,0
NYA,1966-08-04,480.470001,480.470001,480.470001,480.470001,480.470001,0
NYA,1966-08-05,481.100006,481.100006,481.100006,481.100006,481.100006,0
NYA,1966-08-08,479.839996,479.839996,479.839996,479.839996,479.839996,0
NYA,1966-08-09,478.779999,478.779999,478.779999,478.779999,478.779999,0
NYA,1966-08-10,476.660004,476.660004,476.660004,476.660004,476.660004,0
NYA,1966-08-11,476.23999,476.23999,476.23999,476.23999,476.23999,0
NYA,1966-08-12,477.399994,477.399994,477.399994,477.399994,477.399994,0
NYA,1966-08-15,475.079987,475.079987,475.079987,475.079987,475.079987,0
NYA,1966-08-16,468.940002,468.940002,468.940002,468.940002,468.940002,0
NYA,1966-08-17,466.200012,466.200012,466.200012,466.200012,466.200012,0
NYA,1966-08-18,460.269989,460.269989,460.269989,460.269989,460.269989,0
NYA,1966-08-19,456.890015,456.890015,456.890015,456.890015,456.890015,0
NYA,1966-08-22,448.75,448.75,448.75,448.75,448.75,0
NYA,1966-08-23,448.220001,448.220001,448.220001,448.220001,448.220001,0
NYA,1966-08-24,453.51001,453.51001,453.51001,453.51001,453.51001,0
NYA,1966-08-25,447.799988,447.799988,447.799988,447.799988,447.799988,0
NYA,1966-08-26,437.859985,437.859985,437.859985,437.859985,437.859985,0
NYA,1966-08-29,426.329987,426.329987,426.329987,426.329987,426.329987,0
NYA,1966-08-30,433.420013,433.420013,433.420013,433.420013,433.420013,0
NYA,1966-08-31,440.399994,440.399994,440.399994,440.399994,440.399994,0
NYA,1966-09-01,443.459991,443.459991,443.459991,443.459991,443.459991,0
NYA,1966-09-02,442.089996,442.089996,442.089996,442.089996,442.089996,0
NYA,1966-09-06,439.660004,439.660004,439.660004,439.660004,439.660004,0
NYA,1966-09-07,435.73999,435.73999,435.73999,435.73999,435.73999,0
NYA,1966-09-08,434.26001,434.26001,434.26001,434.26001,434.26001,0
NYA,1966-09-09,435.640015,435.640015,435.640015,435.640015,435.640015,0
NYA,1966-09-12,444.839996,444.839996,444.839996,444.839996,444.839996,0
NYA,1966-09-13,447.369995,447.369995,447.369995,447.369995,447.369995,0
NYA,1966-09-14,451.5,451.5,451.5,451.5,451.5,0
NYA,1966-09-15,456.26001,456.26001,456.26001,456.26001,456.26001,0
NYA,1966-09-16,456.149994,456.149994,456.149994,456.149994,456.149994,0
NYA,1966-09-19,454.040009,454.040009,454.040009,454.040009,454.040009,0
NYA,1966-09-20,450.970001,450.970001,450.970001,450.970001,450.970001,0
NYA,1966-09-21,443.359985,443.359985,443.359985,443.359985,443.359985,0
NYA,1966-09-22,444.309998,444.309998,444.309998,444.309998,444.309998,0
NYA,1966-09-23,443.040009,443.040009,443.040009,443.040009,443.040009,0
NYA,1966-09-26,444.100006,444.100006,444.100006,444.100006,444.100006,0
NYA,1966-09-27,445.369995,445.369995,445.369995,445.369995,445.369995,0
NYA,1966-09-28,440.079987,440.079987,440.079987,440.079987,440.079987,0
NYA,1966-09-29,435.320007,435.320007,435.320007,435.320007,435.320007,0
NYA,1966-09-30,436.700012,436.700012,436.700012,436.700012,436.700012,0
NYA,1966-10-03,427.390015,427.390015,427.390015,427.390015,427.390015,0
NYA,1966-10-04,427.920013,427.920013,427.920013,427.920013,427.920013,0
NYA,1966-10-05,425.48999,425.48999,425.48999,425.48999,425.48999,0
NYA,1966-10-06,421.359985,421.359985,421.359985,421.359985,421.359985,0
NYA,1966-10-07,416.290009,416.290009,416.290009,416.290009,416.290009,0
NYA,1966-10-10,423.480011,423.480011,423.480011,423.480011,423.480011,0
NYA,1966-10-11,425.700012,425.700012,425.700012,425.700012,425.700012,0
NYA,1966-10-12,437.220001,437.220001,437.220001,437.220001,437.220001,0
NYA,1966-10-13,437.01001,437.01001,437.01001,437.01001,437.01001,0
NYA,1966-10-14,435.73999,435.73999,435.73999,435.73999,435.73999,0
NYA,1966-10-17,440.609985,440.609985,440.609985,440.609985,440.609985,0
NYA,1966-10-18,447.799988,447.799988,447.799988,447.799988,447.799988,0
NYA,1966-10-19,444.519989,444.519989,444.519989,444.519989,444.519989,0
NYA,1966-10-20,443.25,443.25,443.25,443.25,443.25,0
NYA,1966-10-21,444.839996,444.839996,444.839996,444.839996,444.839996,0
NYA,1966-10-24,446,446,446,446,446,0
NYA,1966-10-25,448.429993,448.429993,448.429993,448.429993,448.429993,0
NYA,1966-10-26,452.450012,452.450012,452.450012,452.450012,452.450012,0
NYA,1966-10-27,456.26001,456.26001,456.26001,456.26001,456.26001,0
NYA,1966-10-28,456.470001,456.470001,456.470001,456.470001,456.470001,0
NYA,1966-10-31,456.359985,456.359985,456.359985,456.359985,456.359985,0
NYA,1966-11-01,459.850006,459.850006,459.850006,459.850006,459.850006,0
NYA,1966-11-02,460.380005,460.380005,460.380005,460.380005,460.380005,0
NYA,1966-11-03,458.790009,458.790009,458.790009,458.790009,458.790009,0
NYA,1966-11-04,460.269989,460.269989,460.269989,460.269989,460.269989,0
NYA,1966-11-07,460.170013,460.170013,460.170013,460.170013,460.170013,0
NYA,1966-11-09,463.76001,463.76001,463.76001,463.76001,463.76001,0
NYA,1966-11-10,466.829987,466.829987,466.829987,466.829987,466.829987,0
NYA,1966-11-11,467.25,467.25,467.25,467.25,467.25,0
NYA,1966-11-14,464.399994,464.399994,464.399994,464.399994,464.399994,0
NYA,1966-11-15,466.089996,466.089996,466.089996,466.089996,466.089996,0
NYA,1966-11-16,470.109985,470.109985,470.109985,470.109985,470.109985,0
NYA,1966-11-17,466.940002,466.940002,466.940002,466.940002,466.940002,0
NYA,1966-11-18,464.079987,464.079987,464.079987,464.079987,464.079987,0
NYA,1966-11-21,457.630005,457.630005,457.630005,457.630005,457.630005,0
NYA,1966-11-22,455.519989,455.519989,455.519989,455.519989,455.519989,0
NYA,1966-11-23,458.899994,458.899994,458.899994,458.899994,458.899994,0
NYA,1966-11-25,462.600006,462.600006,462.600006,462.600006,462.600006,0
NYA,1966-11-28,462.179993,462.179993,462.179993,462.179993,462.179993,0
NYA,1966-11-29,460.589996,460.589996,460.589996,460.589996,460.589996,0
NYA,1966-11-30,460.910004,460.910004,460.910004,460.910004,460.910004,0
NYA,1966-12-01,459.109985,459.109985,459.109985,459.109985,459.109985,0
NYA,1966-12-02,459.320007,459.320007,459.320007,459.320007,459.320007,0
NYA,1966-12-05,459.75,459.75,459.75,459.75,459.75,0
NYA,1966-12-06,462.920013,462.920013,462.920013,462.920013,462.920013,0
NYA,1966-12-07,467.570007,467.570007,467.570007,467.570007,467.570007,0
NYA,1966-12-08,469.470001,469.470001,469.470001,469.470001,469.470001,0
NYA,1966-12-09,470.529999,470.529999,470.529999,470.529999,470.529999,0
NYA,1966-12-12,475.079987,475.079987,475.079987,475.079987,475.079987,0
NYA,1966-12-13,473.809998,473.809998,473.809998,473.809998,473.809998,0
NYA,1966-12-14,473.700012,473.700012,473.700012,473.700012,473.700012,0
NYA,1966-12-15,468.730011,468.730011,468.730011,468.730011,468.730011,0
NYA,1966-12-16,468.839996,468.839996,468.839996,468.839996,468.839996,0
NYA,1966-12-19,467.570007,467.570007,467.570007,467.570007,467.570007,0
NYA,1966-12-20,465.670013,465.670013,465.670013,465.670013,465.670013,0
NYA,1966-12-21,468.200012,468.200012,468.200012,468.200012,468.200012,0
NYA,1966-12-22,470.109985,470.109985,470.109985,470.109985,470.109985,0
NYA,1966-12-23,468.940002,468.940002,468.940002,468.940002,468.940002,0
NYA,1966-12-27,466.51001,466.51001,466.51001,466.51001,466.51001,0
NYA,1966-12-28,464.190002,464.190002,464.190002,464.190002,464.190002,0
NYA,1966-12-29,462.48999,462.48999,462.48999,462.48999,462.48999,0
NYA,1966-12-30,462.279999,462.279999,462.279999,462.279999,462.279999,0
NYA,1967-01-03,462.48999,462.48999,462.48999,462.48999,462.48999,0
NYA,1967-01-04,463.339996,463.339996,463.339996,463.339996,463.339996,0
NYA,1967-01-05,469.26001,469.26001,469.26001,469.26001,469.26001,0
NYA,1967-01-06,472.75,472.75,472.75,472.75,472.75,0
NYA,1967-01-09,476.660004,476.660004,476.660004,476.660004,476.660004,0
NYA,1967-01-10,476.660004,476.660004,476.660004,476.660004,476.660004,0
NYA,1967-01-11,480.579987,480.579987,480.579987,480.579987,480.579987,0
NYA,1967-01-12,483.429993,483.429993,483.429993,483.429993,483.429993,0
NYA,1967-01-13,486.809998,486.809998,486.809998,486.809998,486.809998,0
NYA,1967-01-16,485.970001,485.970001,485.970001,485.970001,485.970001,0
NYA,1967-01-17,491.26001,491.26001,491.26001,491.26001,491.26001,0
NYA,1967-01-18,494,494,494,494,494,0
NYA,1967-01-19,494.220001,494.220001,494.220001,494.220001,494.220001,0
NYA,1967-01-20,496.01001,496.01001,496.01001,496.01001,496.01001,0
NYA,1967-01-23,497.809998,497.809998,497.809998,497.809998,497.809998,0
NYA,1967-01-24,498.76001,498.76001,498.76001,498.76001,498.76001,0
NYA,1967-01-25,495.380005,495.380005,495.380005,495.380005,495.380005,0
NYA,1967-01-26,495.700012,495.700012,495.700012,495.700012,495.700012,0
NYA,1967-01-27,497.809998,497.809998,497.809998,497.809998,497.809998,0
NYA,1967-01-30,500.670013,500.670013,500.670013,500.670013,500.670013,0
NYA,1967-01-31,500.140015,500.140015,500.140015,500.140015,500.140015,0
NYA,1967-02-01,499.5,499.5,499.5,499.5,499.5,0
NYA,1967-02-02,501.089996,501.089996,501.089996,501.089996,501.089996,0
NYA,1967-02-03,504.679993,504.679993,504.679993,504.679993,504.679993,0
NYA,1967-02-06,503.730011,503.730011,503.730011,503.730011,503.730011,0
NYA,1967-02-07,502.679993,502.679993,502.679993,502.679993,502.679993,0
NYA,1967-02-08,507.119995,507.119995,507.119995,507.119995,507.119995,0
NYA,1967-02-09,505.109985,505.109985,505.109985,505.109985,505.109985,0
NYA,1967-02-10,506.160004,506.160004,506.160004,506.160004,506.160004,0
NYA,1967-02-13,506.899994,506.899994,506.899994,506.899994,506.899994,0
NYA,1967-02-14,510.290009,510.290009,510.290009,510.290009,510.290009,0
NYA,1967-02-15,510.609985,510.609985,510.609985,510.609985,510.609985,0
NYA,1967-02-16,508.380005,508.380005,508.380005,508.380005,508.380005,0
NYA,1967-02-17,508.48999,508.48999,508.48999,508.48999,508.48999,0
NYA,1967-02-20,505.850006,505.850006,505.850006,505.850006,505.850006,0
NYA,1967-02-21,505.850006,505.850006,505.850006,505.850006,505.850006,0
NYA,1967-02-23,null,null,null,null,null,null
NYA,1967-02-24,506.480011,506.480011,506.480011,506.480011,506.480011,0
NYA,1967-02-27,501.089996,501.089996,501.089996,501.089996,501.089996,0
NYA,1967-02-28,502.890015,502.890015,502.890015,502.890015,502.890015,0
NYA,1967-03-01,507.859985,507.859985,507.859985,507.859985,507.859985,0
NYA,1967-03-02,510.709991,510.709991,510.709991,510.709991,510.709991,0
NYA,1967-03-03,511.450012,511.450012,511.450012,511.450012,511.450012,0
NYA,1967-03-06,510.709991,510.709991,510.709991,510.709991,510.709991,0
NYA,1967-03-07,511.350006,511.350006,511.350006,511.350006,511.350006,0
NYA,1967-03-08,512.090027,512.090027,512.090027,512.090027,512.090027,0
NYA,1967-03-09,513.570007,513.570007,513.570007,513.570007,513.570007,0
NYA,1967-03-10,515.469971,515.469971,515.469971,515.469971,515.469971,0
NYA,1967-03-13,513.039978,513.039978,513.039978,513.039978,513.039978,0
NYA,1967-03-14,512.51001,512.51001,512.51001,512.51001,512.51001,0
NYA,1967-03-15,517.059998,517.059998,517.059998,517.059998,517.059998,0
NYA,1967-03-16,521.809998,521.809998,521.809998,521.809998,521.809998,0
NYA,1967-03-17,522.77002,522.77002,522.77002,522.77002,522.77002,0
NYA,1967-03-20,522.659973,522.659973,522.659973,522.659973,522.659973,0
NYA,1967-03-21,521.280029,521.280029,521.280029,521.280029,521.280029,0
NYA,1967-03-22,522.77002,522.77002,522.77002,522.77002,522.77002,0
NYA,1967-03-23,526.469971,526.469971,526.469971,526.469971,526.469971,0
NYA,1967-03-27,526.25,526.25,526.25,526.25,526.25,0
NYA,1967-03-28,526.679993,526.679993,526.679993,526.679993,526.679993,0
NYA,1967-03-29,526.039978,526.039978,526.039978,526.039978,526.039978,0
NYA,1967-03-30,526.25,526.25,526.25,526.25,526.25,0
NYA,1967-03-31,523.609985,523.609985,523.609985,523.609985,523.609985,0
NYA,1967-04-03,517.900024,517.900024,517.900024,517.900024,517.900024,0
NYA,1967-04-04,518.01001,518.01001,518.01001,518.01001,518.01001,0
NYA,1967-04-05,521.179993,521.179993,521.179993,521.179993,521.179993,0
NYA,1967-04-06,522.340027,522.340027,522.340027,522.340027,522.340027,0
NYA,1967-04-07,519.169983,519.169983,519.169983,519.169983,519.169983,0
NYA,1967-04-10,512.830017,512.830017,512.830017,512.830017,512.830017,0
NYA,1967-04-11,516.419983,516.419983,516.419983,516.419983,516.419983,0
NYA,1967-04-12,515.890015,515.890015,515.890015,515.890015,515.890015,0
NYA,1967-04-13,519.280029,519.280029,519.280029,519.280029,519.280029,0
NYA,1967-04-14,524.669983,524.669983,524.669983,524.669983,524.669983,0
NYA,1967-04-17,528.159973,528.159973,528.159973,528.159973,528.159973,0
NYA,1967-04-18,532.48999,532.48999,532.48999,532.48999,532.48999,0
NYA,1967-04-19,533.130005,533.130005,533.130005,533.130005,533.130005,0
NYA,1967-04-20,534.289978,534.289978,534.289978,534.289978,534.289978,0
NYA,1967-04-21,535.559998,535.559998,535.559998,535.559998,535.559998,0
NYA,1967-04-24,537.25,537.25,537.25,537.25,537.25,0
NYA,1967-04-25,540.109985,540.109985,540.109985,540.109985,540.109985,0
NYA,1967-04-26,539.580017,539.580017,539.580017,539.580017,539.580017,0
NYA,1967-04-27,544.02002,544.02002,544.02002,544.02002,544.02002,0
NYA,1967-04-28,544.969971,544.969971,544.969971,544.969971,544.969971,0
NYA,1967-05-01,544.650024,544.650024,544.650024,544.650024,544.650024,0
NYA,1967-05-02,544.22998,544.22998,544.22998,544.22998,544.22998,0
NYA,1967-05-03,545.599976,545.599976,545.599976,545.599976,545.599976,0
NYA,1967-05-04,547.609985,547.609985,547.609985,547.609985,547.609985,0
NYA,1967-05-05,548.25,548.25,548.25,548.25,548.25,0
NYA,1967-05-08,549.090027,549.090027,549.090027,549.090027,549.090027,0
NYA,1967-05-09,543.48999,543.48999,543.48999,543.48999,543.48999,0
NYA,1967-05-10,542.539978,542.539978,542.539978,542.539978,542.539978,0
NYA,1967-05-11,545.179993,545.179993,545.179993,545.179993,545.179993,0
NYA,1967-05-12,544.02002,544.02002,544.02002,544.02002,544.02002,0
NYA,1967-05-15,539.890015,539.890015,539.890015,539.890015,539.890015,0
NYA,1967-05-16,542.330017,542.330017,542.330017,542.330017,542.330017,0
NYA,1967-05-17,540.849976,540.849976,540.849976,540.849976,540.849976,0
NYA,1967-05-18,539.679993,539.679993,539.679993,539.679993,539.679993,0
NYA,1967-05-19,537.460022,537.460022,537.460022,537.460022,537.460022,0
NYA,1967-05-22,535.669983,535.669983,535.669983,535.669983,535.669983,0
NYA,1967-05-23,533.340027,533.340027,533.340027,533.340027,533.340027,0
NYA,1967-05-24,527.099976,527.099976,527.099976,527.099976,527.099976,0
NYA,1967-05-25,532.280029,532.280029,532.280029,532.280029,532.280029,0
NYA,1967-05-26,531.330017,531.330017,531.330017,531.330017,531.330017,0
NYA,1967-05-29,528.580017,528.580017,528.580017,528.580017,528.580017,0
NYA,1967-05-31,519.909973,519.909973,519.909973,519.909973,519.909973,0
NYA,1967-06-01,526.25,526.25,526.25,526.25,526.25,0
NYA,1967-06-02,524.030029,524.030029,524.030029,524.030029,524.030029,0
NYA,1967-06-05,515.359985,515.359985,515.359985,515.359985,515.359985,0
NYA,1967-06-06,525.409973,525.409973,525.409973,525.409973,525.409973,0
NYA,1967-06-07,530.059998,530.059998,530.059998,530.059998,530.059998,0
NYA,1967-06-08,533.02002,533.02002,533.02002,533.02002,533.02002,0
NYA,1967-06-09,534.5,534.5,534.5,534.5,534.5,0
NYA,1967-06-12,537.669983,537.669983,537.669983,537.669983,537.669983,0
NYA,1967-06-13,540.849976,540.849976,540.849976,540.849976,540.849976,0
NYA,1967-06-14,539.890015,539.890015,539.890015,539.890015,539.890015,0
NYA,1967-06-15,540.73999,540.73999,540.73999,540.73999,540.73999,0
NYA,1967-06-16,540.950012,540.950012,540.950012,540.950012,540.950012,0
NYA,1967-06-19,541.059998,541.059998,541.059998,541.059998,541.059998,0
NYA,1967-06-20,540.849976,540.849976,540.849976,540.849976,540.849976,0
NYA,1967-06-21,539.580017,539.580017,539.580017,539.580017,539.580017,0
NYA,1967-06-22,538.409973,538.409973,538.409973,538.409973,538.409973,0
NYA,1967-06-23,538.630005,538.630005,538.630005,538.630005,538.630005,0
NYA,1967-06-26,536.51001,536.51001,536.51001,536.51001,536.51001,0
NYA,1967-06-27,534.609985,534.609985,534.609985,534.609985,534.609985,0
NYA,1967-06-28,534.929993,534.929993,534.929993,534.929993,534.929993,0
NYA,1967-06-29,532.390015,532.390015,532.390015,532.390015,532.390015,0
NYA,1967-06-30,531.539978,531.539978,531.539978,531.539978,531.539978,0
NYA,1967-07-03,533.22998,533.22998,533.22998,533.22998,533.22998,0
NYA,1967-07-05,535.97998,535.97998,535.97998,535.97998,535.97998,0
NYA,1967-07-06,535.77002,535.77002,535.77002,535.77002,535.77002,0
NYA,1967-07-07,538.309998,538.309998,538.309998,538.309998,538.309998,0
NYA,1967-07-10,540.950012,540.950012,540.950012,540.950012,540.950012,0
NYA,1967-07-11,543.380005,543.380005,543.380005,543.380005,543.380005,0
NYA,1967-07-12,543.380005,543.380005,543.380005,543.380005,543.380005,0
NYA,1967-07-13,543.700012,543.700012,543.700012,543.700012,543.700012,0
NYA,1967-07-14,545.599976,545.599976,545.599976,545.599976,545.599976,0
NYA,1967-07-17,545.919983,545.919983,545.919983,545.919983,545.919983,0
NYA,1967-07-18,549.830017,549.830017,549.830017,549.830017,549.830017,0
NYA,1967-07-19,550.469971,550.469971,550.469971,550.469971,550.469971,0
NYA,1967-07-20,551.309998,551.309998,551.309998,551.309998,551.309998,0
NYA,1967-07-21,551.73999,551.73999,551.73999,551.73999,551.73999,0
NYA,1967-07-24,549.830017,549.830017,549.830017,549.830017,549.830017,0
NYA,1967-07-25,549.830017,549.830017,549.830017,549.830017,549.830017,0
NYA,1967-07-26,552.159973,552.159973,552.159973,552.159973,552.159973,0
NYA,1967-07-27,554.059998,554.059998,554.059998,554.059998,554.059998,0
NYA,1967-07-28,555.119995,555.119995,555.119995,555.119995,555.119995,0
NYA,1967-07-31,556.710022,556.710022,556.710022,556.710022,556.710022,0
NYA,1967-08-01,560.090027,560.090027,560.090027,560.090027,560.090027,0
NYA,1967-08-02,562.099976,562.099976,562.099976,562.099976,562.099976,0
NYA,1967-08-03,561.359985,561.359985,561.359985,561.359985,561.359985,0
NYA,1967-08-04,562.72998,562.72998,562.72998,562.72998,562.72998,0
NYA,1967-08-07,561.25,561.25,561.25,561.25,561.25,0
NYA,1967-08-08,561.780029,561.780029,561.780029,561.780029,561.780029,0
NYA,1967-08-09,562.419983,562.419983,562.419983,562.419983,562.419983,0
NYA,1967-08-10,560.940002,560.940002,560.940002,560.940002,560.940002,0
NYA,1967-08-11,558.400024,558.400024,558.400024,558.400024,558.400024,0
NYA,1967-08-14,555.119995,555.119995,555.119995,555.119995,555.119995,0
NYA,1967-08-15,555.76001,555.76001,555.76001,555.76001,555.76001,0
NYA,1967-08-16,554.48999,554.48999,554.48999,554.48999,554.48999,0
NYA,1967-08-17,555.22998,555.22998,555.22998,555.22998,555.22998,0
NYA,1967-08-18,556.070007,556.070007,556.070007,556.070007,556.070007,0
NYA,1967-08-21,553.219971,553.219971,553.219971,553.219971,553.219971,0
NYA,1967-08-22,550.26001,550.26001,550.26001,550.26001,550.26001,0
NYA,1967-08-23,549.619995,549.619995,549.619995,549.619995,549.619995,0
NYA,1967-08-24,546.659973,546.659973,546.659973,546.659973,546.659973,0
NYA,1967-08-25,544.440002,544.440002,544.440002,544.440002,544.440002,0
NYA,1967-08-28,544.119995,544.119995,544.119995,544.119995,544.119995,0
NYA,1967-08-29,545.599976,545.599976,545.599976,545.599976,545.599976,0
NYA,1967-08-30,546.97998,546.97998,546.97998,546.97998,546.97998,0
NYA,1967-08-31,550.570007,550.570007,550.570007,550.570007,550.570007,0
NYA,1967-09-01,551.419983,551.419983,551.419983,551.419983,551.419983,0
NYA,1967-09-05,554.27002,554.27002,554.27002,554.27002,554.27002,0
NYA,1967-09-06,555.22998,555.22998,555.22998,555.22998,555.22998,0
NYA,1967-09-07,555.02002,555.02002,555.02002,555.02002,555.02002,0
NYA,1967-09-08,555.02002,555.02002,555.02002,555.02002,555.02002,0
NYA,1967-09-11,555.969971,555.969971,555.969971,555.969971,555.969971,0
NYA,1967-09-12,558.719971,558.719971,558.719971,558.719971,558.719971,0
NYA,1967-09-13,564.210022,564.210022,564.210022,564.210022,564.210022,0
NYA,1967-09-14,565.059998,565.059998,565.059998,565.059998,565.059998,0
NYA,1967-09-15,565.47998,565.47998,565.47998,565.47998,565.47998,0
NYA,1967-09-18,566.859985,566.859985,566.859985,566.859985,566.859985,0
NYA,1967-09-19,564.320007,564.320007,564.320007,564.320007,564.320007,0
NYA,1967-09-20,564.530029,564.530029,564.530029,564.530029,564.530029,0
NYA,1967-09-21,567.700012,567.700012,567.700012,567.700012,567.700012,0
NYA,1967-09-22,569.400024,569.400024,569.400024,569.400024,569.400024,0
NYA,1967-09-25,572.460022,572.460022,572.460022,572.460022,572.460022,0
NYA,1967-09-26,567.390015,567.390015,567.390015,567.390015,567.390015,0
NYA,1967-09-27,567.700012,567.700012,567.700012,567.700012,567.700012,0
NYA,1967-09-28,568.02002,568.02002,568.02002,568.02002,568.02002,0
NYA,1967-09-29,567.919983,567.919983,567.919983,567.919983,567.919983,0
NYA,1967-10-02,565.799988,565.799988,565.799988,565.799988,565.799988,0
NYA,1967-10-03,567.599976,567.599976,567.599976,567.599976,567.599976,0
NYA,1967-10-04,566.859985,566.859985,566.859985,566.859985,566.859985,0
NYA,1967-10-05,568.22998,568.22998,568.22998,568.22998,568.22998,0
NYA,1967-10-06,571.51001,571.51001,571.51001,571.51001,571.51001,0
NYA,1967-10-09,572.669983,572.669983,572.669983,572.669983,572.669983,0
NYA,1967-10-10,568.659973,568.659973,568.659973,568.659973,568.659973,0
NYA,1967-10-11,566.01001,566.01001,566.01001,566.01001,566.01001,0
NYA,1967-10-12,562.52002,562.52002,562.52002,562.52002,562.52002,0
NYA,1967-10-13,563.789978,563.789978,563.789978,563.789978,563.789978,0
NYA,1967-10-16,559.349976,559.349976,559.349976,559.349976,559.349976,0
NYA,1967-10-17,558.289978,558.289978,558.289978,558.289978,558.289978,0
NYA,1967-10-18,559.669983,559.669983,559.669983,559.669983,559.669983,0
NYA,1967-10-19,560.299988,560.299988,560.299988,560.299988,560.299988,0
NYA,1967-10-20,559.669983,559.669983,559.669983,559.669983,559.669983,0
NYA,1967-10-23,557.23999,557.23999,557.23999,557.23999,557.23999,0
NYA,1967-10-24,554.169983,554.169983,554.169983,554.169983,554.169983,0
NYA,1967-10-25,554.909973,554.909973,554.909973,554.909973,554.909973,0
NYA,1967-10-26,557.340027,557.340027,557.340027,557.340027,557.340027,0
NYA,1967-10-27,557.450012,557.450012,557.450012,557.450012,557.450012,0
NYA,1967-10-30,556.5,556.5,556.5,556.5,556.5,0
NYA,1967-10-31,551.210022,551.210022,551.210022,551.210022,551.210022,0
NYA,1967-11-01,544.22998,544.22998,544.22998,544.22998,544.22998,0
NYA,1967-11-02,541.799988,541.799988,541.799988,541.799988,541.799988,0
NYA,1967-11-03,538.840027,538.840027,538.840027,538.840027,538.840027,0
NYA,1967-11-06,536.929993,536.929993,536.929993,536.929993,536.929993,0
NYA,1967-11-08,535.030029,535.030029,535.030029,535.030029,535.030029,0
NYA,1967-11-09,537.25,537.25,537.25,537.25,537.25,0
NYA,1967-11-10,540.530029,540.530029,540.530029,540.530029,540.530029,0
NYA,1967-11-13,538.940002,538.940002,538.940002,538.940002,538.940002,0
NYA,1967-11-14,535.030029,535.030029,535.030029,535.030029,535.030029,0
NYA,1967-11-15,537.25,537.25,537.25,537.25,537.25,0
NYA,1967-11-16,542.429993,542.429993,542.429993,542.429993,542.429993,0
NYA,1967-11-17,544.22998,544.22998,544.22998,544.22998,544.22998,0
NYA,1967-11-20,536.929993,536.929993,536.929993,536.929993,536.929993,0
NYA,1967-11-21,545.919983,545.919983,545.919983,545.919983,545.919983,0
NYA,1967-11-22,549.409973,549.409973,549.409973,549.409973,549.409973,0
NYA,1967-11-24,550.890015,550.890015,550.890015,550.890015,550.890015,0
NYA,1967-11-27,552.580017,552.580017,552.580017,552.580017,552.580017,0
NYA,1967-11-28,554.799988,554.799988,554.799988,554.799988,554.799988,0
NYA,1967-11-29,555.119995,555.119995,555.119995,555.119995,555.119995,0
NYA,1967-11-30,552.580017,552.580017,552.580017,552.580017,552.580017,0
NYA,1967-12-01,555.330017,555.330017,555.330017,555.330017,555.330017,0
NYA,1967-12-04,558.929993,558.929993,558.929993,558.929993,558.929993,0
NYA,1967-12-05,559.460022,559.460022,559.460022,559.460022,559.460022,0
NYA,1967-12-06,561.570007,561.570007,561.570007,561.570007,561.570007,0
NYA,1967-12-07,561.150024,561.150024,561.150024,561.150024,561.150024,0
NYA,1967-12-08,560.619995,560.619995,560.619995,560.619995,560.619995,0
NYA,1967-12-11,559.559998,559.559998,559.559998,559.559998,559.559998,0
NYA,1967-12-12,559.23999,559.23999,559.23999,559.23999,559.23999,0
NYA,1967-12-13,561.359985,561.359985,561.359985,561.359985,561.359985,0
NYA,1967-12-14,562.309998,562.309998,562.309998,562.309998,562.309998,0
NYA,1967-12-15,559.23999,559.23999,559.23999,559.23999,559.23999,0
NYA,1967-12-18,557.76001,557.76001,557.76001,557.76001,557.76001,0
NYA,1967-12-19,557.340027,557.340027,557.340027,557.340027,557.340027,0
NYA,1967-12-20,560.409973,560.409973,560.409973,560.409973,560.409973,0
NYA,1967-12-21,561.890015,561.890015,561.890015,561.890015,561.890015,0
NYA,1967-12-22,561.039978,561.039978,561.039978,561.039978,561.039978,0
NYA,1967-12-26,561.890015,561.890015,561.890015,561.890015,561.890015,0
NYA,1967-12-27,565.799988,565.799988,565.799988,565.799988,565.799988,0
NYA,1967-12-28,565.690002,565.690002,565.690002,565.690002,565.690002,0
NYA,1967-12-29,569.179993,569.179993,569.179993,569.179993,569.179993,0
NYA,1968-01-02,567.599976,567.599976,567.599976,567.599976,567.599976,0
NYA,1968-01-03,564.640015,564.640015,564.640015,564.640015,564.640015,0
NYA,1968-01-04,563.049988,563.049988,563.049988,563.049988,563.049988,0
NYA,1968-01-05,566.429993,566.429993,566.429993,566.429993,566.429993,0
NYA,1968-01-08,570.559998,570.559998,570.559998,570.559998,570.559998,0
NYA,1968-01-09,569.919983,569.919983,569.919983,569.919983,569.919983,0
NYA,1968-01-10,570.450012,570.450012,570.450012,570.450012,570.450012,0
NYA,1968-01-11,571.719971,571.719971,571.719971,571.719971,571.719971,0
NYA,1968-01-12,572.780029,572.780029,572.780029,572.780029,572.780029,0
NYA,1968-01-15,571.719971,571.719971,571.719971,571.719971,571.719971,0
NYA,1968-01-16,568.340027,568.340027,568.340027,568.340027,568.340027,0
NYA,1968-01-17,567.809998,567.809998,567.809998,567.809998,567.809998,0
NYA,1968-01-18,567.599976,567.599976,567.599976,567.599976,567.599976,0
NYA,1968-01-19,565.690002,565.690002,565.690002,565.690002,565.690002,0
NYA,1968-01-22,558.080017,558.080017,558.080017,558.080017,558.080017,0
NYA,1968-01-23,555.440002,555.440002,555.440002,555.440002,555.440002,0
NYA,1968-01-24,553.109985,553.109985,553.109985,553.109985,553.109985,0
NYA,1968-01-25,553.530029,553.530029,553.530029,553.530029,553.530029,0
NYA,1968-01-26,554.590027,554.590027,554.590027,554.590027,554.590027,0
NYA,1968-01-29,553.75,553.75,553.75,553.75,553.75,0
NYA,1968-01-30,550.679993,550.679993,550.679993,550.679993,550.679993,0
NYA,1968-01-31,546.23999,546.23999,546.23999,546.23999,546.23999,0
NYA,1968-02-01,547.929993,547.929993,547.929993,547.929993,547.929993,0
NYA,1968-02-02,546.340027,546.340027,546.340027,546.340027,546.340027,0
NYA,1968-02-05,543.700012,543.700012,543.700012,543.700012,543.700012,0
NYA,1968-02-06,543.909973,543.909973,543.909973,543.909973,543.909973,0
NYA,1968-02-07,544.76001,544.76001,544.76001,544.76001,544.76001,0
NYA,1968-02-08,537.460022,537.460022,537.460022,537.460022,537.460022,0
NYA,1968-02-09,531.01001,531.01001,531.01001,531.01001,531.01001,0
NYA,1968-02-13,525.72998,525.72998,525.72998,525.72998,525.72998,0
NYA,1968-02-14,532.070007,532.070007,532.070007,532.070007,532.070007,0
NYA,1968-02-15,533.130005,533.130005,533.130005,533.130005,533.130005,0
NYA,1968-02-16,530.909973,530.909973,530.909973,530.909973,530.909973,0
NYA,1968-02-19,532.700012,532.700012,532.700012,532.700012,532.700012,0
NYA,1968-02-20,535.880005,535.880005,535.880005,535.880005,535.880005,0
NYA,1968-02-21,538.309998,538.309998,538.309998,538.309998,538.309998,0
NYA,1968-02-23,535.880005,535.880005,535.880005,535.880005,535.880005,0
NYA,1968-02-26,531.539978,531.539978,531.539978,531.539978,531.539978,0
NYA,1968-02-27,533.440002,533.440002,533.440002,533.440002,533.440002,0
NYA,1968-02-28,530.799988,530.799988,530.799988,530.799988,530.799988,0
NYA,1968-02-29,526.25,526.25,526.25,526.25,526.25,0
NYA,1968-03-01,524.25,524.25,524.25,524.25,524.25,0
NYA,1968-03-04,516.630005,516.630005,516.630005,516.630005,516.630005,0
NYA,1968-03-05,514.940002,514.940002,514.940002,514.940002,514.940002,0
NYA,1968-03-06,523.929993,523.929993,523.929993,523.929993,523.929993,0
NYA,1968-03-07,523.080017,523.080017,523.080017,523.080017,523.080017,0
NYA,1968-03-08,522.659973,522.659973,522.659973,522.659973,522.659973,0
NYA,1968-03-11,529.429993,529.429993,529.429993,529.429993,529.429993,0
NYA,1968-03-12,530.380005,530.380005,530.380005,530.380005,530.380005,0
NYA,1968-03-13,529.530029,529.530029,529.530029,529.530029,529.530029,0
NYA,1968-03-14,518.849976,518.849976,518.849976,518.849976,518.849976,0
NYA,1968-03-15,523.080017,523.080017,523.080017,523.080017,523.080017,0
NYA,1968-03-18,526.150024,526.150024,526.150024,526.150024,526.150024,0
NYA,1968-03-19,522.869995,522.869995,522.869995,522.869995,522.869995,0
NYA,1968-03-20,522.549988,522.549988,522.549988,522.549988,522.549988,0
NYA,1968-03-21,518.539978,518.539978,518.539978,518.539978,518.539978,0
NYA,1968-03-22,518.640015,518.640015,518.640015,518.640015,518.640015,0
NYA,1968-03-25,518.01001,518.01001,518.01001,518.01001,518.01001,0
NYA,1968-03-26,521.599976,521.599976,521.599976,521.599976,521.599976,0
NYA,1968-03-27,526.039978,526.039978,526.039978,526.039978,526.039978,0
NYA,1968-03-28,525.619995,525.619995,525.619995,525.619995,525.619995,0
NYA,1968-03-29,529.219971,529.219971,529.219971,529.219971,529.219971,0
NYA,1968-04-01,542.119995,542.119995,542.119995,542.119995,542.119995,0
NYA,1968-04-02,543.280029,543.280029,543.280029,543.280029,543.280029,0
NYA,1968-04-03,548.140015,548.140015,548.140015,548.140015,548.140015,0
NYA,1968-04-04,550.570007,550.570007,550.570007,550.570007,550.570007,0
NYA,1968-04-05,547.609985,547.609985,547.609985,547.609985,547.609985,0
NYA,1968-04-08,557.340027,557.340027,557.340027,557.340027,557.340027,0
NYA,1968-04-10,561.570007,561.570007,561.570007,561.570007,561.570007,0
NYA,1968-04-11,566.75,566.75,566.75,566.75,566.75,0
NYA,1968-04-15,567.700012,567.700012,567.700012,567.700012,567.700012,0
NYA,1968-04-16,568.22998,568.22998,568.22998,568.22998,568.22998,0
NYA,1968-04-17,569.919983,569.919983,569.919983,569.919983,569.919983,0
NYA,1968-04-18,571.619995,571.619995,571.619995,571.619995,571.619995,0
NYA,1968-04-19,564.530029,564.530029,564.530029,564.530029,564.530029,0
NYA,1968-04-22,561.679993,561.679993,561.679993,561.679993,561.679993,0
NYA,1968-04-23,568.549988,568.549988,568.549988,568.549988,568.549988,0
NYA,1968-04-24,570.140015,570.140015,570.140015,570.140015,570.140015,0
NYA,1968-04-25,571.830017,571.830017,571.830017,571.830017,571.830017,0
NYA,1968-04-26,573.72998,573.72998,573.72998,573.72998,573.72998,0
NYA,1968-04-29,575.320007,575.320007,575.320007,575.320007,575.320007,0
NYA,1968-04-30,576.159973,576.159973,576.159973,576.159973,576.159973,0
NYA,1968-05-01,578.070007,578.070007,578.070007,578.070007,578.070007,0
NYA,1968-05-02,581.869995,581.869995,581.869995,581.869995,581.869995,0
NYA,1968-05-03,582.190002,582.190002,582.190002,582.190002,582.190002,0
NYA,1968-05-06,580.919983,580.919983,580.919983,580.919983,580.919983,0
NYA,1968-05-07,584.200012,584.200012,584.200012,584.200012,584.200012,0
NYA,1968-05-08,584.619995,584.619995,584.619995,584.619995,584.619995,0
NYA,1968-05-09,581.559998,581.559998,581.559998,581.559998,581.559998,0
NYA,1968-05-10,583.039978,583.039978,583.039978,583.039978,583.039978,0
NYA,1968-05-13,581.659973,581.659973,581.659973,581.659973,581.659973,0
NYA,1968-05-14,581.340027,581.340027,581.340027,581.340027,581.340027,0
NYA,1968-05-15,581.130005,581.130005,581.130005,581.130005,581.130005,0
NYA,1968-05-16,578.48999,578.48999,578.48999,578.48999,578.48999,0
NYA,1968-05-17,575,575,575,575,575,0
NYA,1968-05-20,572.359985,572.359985,572.359985,572.359985,572.359985,0
NYA,1968-05-21,575.419983,575.419983,575.419983,575.419983,575.419983,0
NYA,1968-05-22,577.330017,577.330017,577.330017,577.330017,577.330017,0
NYA,1968-05-23,576.590027,576.590027,576.590027,576.590027,576.590027,0
NYA,1968-05-24,577.640015,577.640015,577.640015,577.640015,577.640015,0
NYA,1968-05-27,576.900024,576.900024,576.900024,576.900024,576.900024,0
NYA,1968-05-28,580.5,580.5,580.5,580.5,580.5,0
NYA,1968-05-29,582.299988,582.299988,582.299988,582.299988,582.299988,0
NYA,1968-05-31,586.840027,586.840027,586.840027,586.840027,586.840027,0
NYA,1968-06-03,594.140015,594.140015,594.140015,594.140015,594.140015,0
NYA,1968-06-04,597.099976,597.099976,597.099976,597.099976,597.099976,0
NYA,1968-06-05,594.460022,594.460022,594.460022,594.460022,594.460022,0
NYA,1968-06-06,599.73999,599.73999,599.73999,599.73999,599.73999,0
NYA,1968-06-07,603.869995,603.869995,603.869995,603.869995,603.869995,0
NYA,1968-06-10,604.609985,604.609985,604.609985,604.609985,604.609985,0
NYA,1968-06-11,606.090027,606.090027,606.090027,606.090027,606.090027,0
NYA,1968-06-13,603.76001,603.76001,603.76001,603.76001,603.76001,0
NYA,1968-06-14,602.909973,602.909973,602.909973,602.909973,602.909973,0
NYA,1968-06-17,596.460022,596.460022,596.460022,596.460022,596.460022,0
NYA,1968-06-18,595.830017,595.830017,595.830017,595.830017,595.830017,0
NYA,1968-06-20,599.210022,599.210022,599.210022,599.210022,599.210022,0
NYA,1968-06-21,600.27002,600.27002,600.27002,600.27002,600.27002,0
NYA,1968-06-24,598.26001,598.26001,598.26001,598.26001,598.26001,0
NYA,1968-06-25,596.039978,596.039978,596.039978,596.039978,596.039978,0
NYA,1968-06-27,595.090027,595.090027,595.090027,595.090027,595.090027,0
NYA,1968-06-28,592.969971,592.969971,592.969971,592.969971,592.969971,0
NYA,1968-07-01,591.710022,591.710022,591.710022,591.710022,591.710022,0
NYA,1968-07-02,594.140015,594.140015,594.140015,594.140015,594.140015,0
NYA,1968-07-03,601.429993,601.429993,601.429993,601.429993,601.429993,0
NYA,1968-07-08,607.780029,607.780029,607.780029,607.780029,607.780029,0
NYA,1968-07-09,609.150024,609.150024,609.150024,609.150024,609.150024,0
NYA,1968-07-11,610,610,610,610,610,0
NYA,1968-07-12,609.580017,609.580017,609.580017,609.580017,609.580017,0
NYA,1968-07-15,608.619995,608.619995,608.619995,608.619995,608.619995,0
NYA,1968-07-16,605.450012,605.450012,605.450012,605.450012,605.450012,0
NYA,1968-07-18,603.650024,603.650024,603.650024,603.650024,603.650024,0
NYA,1968-07-19,597.840027,597.840027,597.840027,597.840027,597.840027,0
NYA,1968-07-22,590.119995,590.119995,590.119995,590.119995,590.119995,0
NYA,1968-07-23,588.960022,588.960022,588.960022,588.960022,588.960022,0
NYA,1968-07-25,581.340027,581.340027,581.340027,581.340027,581.340027,0
NYA,1968-07-26,583.25,583.25,583.25,583.25,583.25,0
NYA,1968-07-29,578.48999,578.48999,578.48999,578.48999,578.48999,0
NYA,1968-07-30,579.22998,579.22998,579.22998,579.22998,579.22998,0
NYA,1968-08-01,576.27002,576.27002,576.27002,576.27002,576.27002,0
NYA,1968-08-02,572.880005,572.880005,572.880005,572.880005,572.880005,0
NYA,1968-08-05,574.789978,574.789978,574.789978,574.789978,574.789978,0
NYA,1968-08-06,577.330017,577.330017,577.330017,577.330017,577.330017,0
NYA,1968-08-08,575.950012,575.950012,575.950012,575.950012,575.950012,0
NYA,1968-08-09,575.849976,575.849976,575.849976,575.849976,575.849976,0
NYA,1968-08-12,581.450012,581.450012,581.450012,581.450012,581.450012,0
NYA,1968-08-13,584.090027,584.090027,584.090027,584.090027,584.090027,0
NYA,1968-08-15,581.77002,581.77002,581.77002,581.77002,581.77002,0
NYA,1968-08-16,585.26001,585.26001,585.26001,585.26001,585.26001,0
NYA,1968-08-19,587.26001,587.26001,587.26001,587.26001,587.26001,0
NYA,1968-08-20,587.26001,587.26001,587.26001,587.26001,587.26001,0
NYA,1968-08-22,585.469971,585.469971,585.469971,585.469971,585.469971,0
NYA,1968-08-23,585.679993,585.679993,585.679993,585.679993,585.679993,0
NYA,1968-08-26,586.630005,586.630005,586.630005,586.630005,586.630005,0
NYA,1968-08-27,585.570007,585.570007,585.570007,585.570007,585.570007,0
NYA,1968-08-29,585.150024,585.150024,585.150024,585.150024,585.150024,0
NYA,1968-08-30,586.210022,586.210022,586.210022,586.210022,586.210022,0
NYA,1968-09-03,588.429993,588.429993,588.429993,588.429993,588.429993,0
NYA,1968-09-04,592.130005,592.130005,592.130005,592.130005,592.130005,0
NYA,1968-09-05,596.359985,596.359985,596.359985,596.359985,596.359985,0
NYA,1968-09-06,598.789978,598.789978,598.789978,598.789978,598.789978,0
NYA,1968-09-09,599.419983,599.419983,599.419983,599.419983,599.419983,0
NYA,1968-09-10,596.570007,596.570007,596.570007,596.570007,596.570007,0
NYA,1968-09-12,595.200012,595.200012,595.200012,595.200012,595.200012,0
NYA,1968-09-13,597.419983,597.419983,597.419983,597.419983,597.419983,0
NYA,1968-09-16,599.640015,599.640015,599.640015,599.640015,599.640015,0
NYA,1968-09-17,601.219971,601.219971,601.219971,601.219971,601.219971,0
NYA,1968-09-19,602.280029,602.280029,602.280029,602.280029,602.280029,0
NYA,1968-09-20,603.02002,603.02002,603.02002,603.02002,603.02002,0
NYA,1968-09-23,606.190002,606.190002,606.190002,606.190002,606.190002,0
NYA,1968-09-24,608.409973,608.409973,608.409973,608.409973,608.409973,0
NYA,1968-09-26,607.359985,607.359985,607.359985,607.359985,607.359985,0
NYA,1968-09-27,607.669983,607.669983,607.669983,607.669983,607.669983,0
NYA,1968-09-30,610.099976,610.099976,610.099976,610.099976,610.099976,0
NYA,1968-10-01,611.27002,611.27002,611.27002,611.27002,611.27002,0
NYA,1968-10-03,613.700012,613.700012,613.700012,613.700012,613.700012,0
NYA,1968-10-04,615.710022,615.710022,615.710022,615.710022,615.710022,0
NYA,1968-10-07,615.710022,615.710022,615.710022,615.710022,615.710022,0
NYA,1968-10-08,615.599976,615.599976,615.599976,615.599976,615.599976,0
NYA,1968-10-10,613.059998,613.059998,613.059998,613.059998,613.059998,0
NYA,1968-10-11,613.059998,613.059998,613.059998,613.059998,613.059998,0
NYA,1968-10-14,614.02002,614.02002,614.02002,614.02002,614.02002,0
NYA,1968-10-15,615.390015,615.390015,615.390015,615.390015,615.390015,0
NYA,1968-10-17,618.559998,618.559998,618.559998,618.559998,618.559998,0
NYA,1968-10-18,622.900024,622.900024,622.900024,622.900024,622.900024,0
NYA,1968-10-21,623.73999,623.73999,623.73999,623.73999,623.73999,0
NYA,1968-10-22,621.630005,621.630005,621.630005,621.630005,621.630005,0
NYA,1968-10-24,618.030029,618.030029,618.030029,618.030029,618.030029,0
NYA,1968-10-25,619.940002,619.940002,619.940002,619.940002,619.940002,0
NYA,1968-10-28,617.820007,617.820007,617.820007,617.820007,617.820007,0
NYA,1968-10-29,614.330017,614.330017,614.330017,614.330017,614.330017,0
NYA,1968-10-31,615.070007,615.070007,615.070007,615.070007,615.070007,0
NYA,1968-11-01,612.75,612.75,612.75,612.75,612.75,0
NYA,1968-11-04,612.960022,612.960022,612.960022,612.960022,612.960022,0
NYA,1968-11-06,614.119995,614.119995,614.119995,614.119995,614.119995,0
NYA,1968-11-07,615.289978,615.289978,615.289978,615.289978,615.289978,0
NYA,1968-11-08,618.25,618.25,618.25,618.25,618.25,0
NYA,1968-11-12,623.109985,623.109985,623.109985,623.109985,623.109985,0
NYA,1968-11-13,626.599976,626.599976,626.599976,626.599976,626.599976,0
NYA,1968-11-14,627.22998,627.22998,627.22998,627.22998,627.22998,0
NYA,1968-11-15,630.719971,630.719971,630.719971,630.719971,630.719971,0
NYA,1968-11-18,631.669983,631.669983,631.669983,631.669983,631.669983,0
NYA,1968-11-19,633.469971,633.469971,633.469971,633.469971,633.469971,0
NYA,1968-11-21,632.940002,632.940002,632.940002,632.940002,632.940002,0
NYA,1968-11-22,635.380005,635.380005,635.380005,635.380005,635.380005,0
NYA,1968-11-25,636.859985,636.859985,636.859985,636.859985,636.859985,0
NYA,1968-11-26,641.299988,641.299988,641.299988,641.299988,641.299988,0
NYA,1968-11-27,644.049988,644.049988,644.049988,644.049988,644.049988,0
NYA,1968-11-29,647.849976,647.849976,647.849976,647.849976,647.849976,0
NYA,1968-12-02,646.47998,646.47998,646.47998,646.47998,646.47998,0
NYA,1968-12-03,645.950012,645.950012,645.950012,645.950012,645.950012,0
NYA,1968-12-05,643.72998,643.72998,643.72998,643.72998,643.72998,0
NYA,1968-12-06,645.309998,645.309998,645.309998,645.309998,645.309998,0
NYA,1968-12-09,644.049988,644.049988,644.049988,644.049988,644.049988,0
NYA,1968-12-10,642.98999,642.98999,642.98999,642.98999,642.98999,0
NYA,1968-12-12,642.669983,642.669983,642.669983,642.669983,642.669983,0
NYA,1968-12-13,644.570007,644.570007,644.570007,644.570007,644.570007,0
NYA,1968-12-16,642.039978,642.039978,642.039978,642.039978,642.039978,0
NYA,1968-12-17,639.289978,639.289978,639.289978,639.289978,639.289978,0
NYA,1968-12-19,640.869995,640.869995,640.869995,640.869995,640.869995,0
NYA,1968-12-20,637.599976,637.599976,637.599976,637.599976,637.599976,0
NYA,1968-12-23,630.929993,630.929993,630.929993,630.929993,630.929993,0
NYA,1968-12-24,629.880005,629.880005,629.880005,629.880005,629.880005,0
NYA,1968-12-26,630.619995,630.619995,630.619995,630.619995,630.619995,0
NYA,1968-12-27,628.289978,628.289978,628.289978,628.289978,628.289978,0
NYA,1968-12-30,622.159973,622.159973,622.159973,622.159973,622.159973,0
NYA,1968-12-31,622.789978,622.789978,622.789978,622.789978,622.789978,0
NYA,1969-01-02,623.219971,623.219971,623.219971,623.219971,623.219971,0
NYA,1969-01-03,623.320007,623.320007,623.320007,623.320007,623.320007,0
NYA,1969-01-06,614.119995,614.119995,614.119995,614.119995,614.119995,0
NYA,1969-01-07,606.400024,606.400024,606.400024,606.400024,606.400024,0
NYA,1969-01-08,603.440002,603.440002,603.440002,603.440002,603.440002,0
NYA,1969-01-09,605.869995,605.869995,605.869995,605.869995,605.869995,0
NYA,1969-01-10,604.179993,604.179993,604.179993,604.179993,604.179993,0
NYA,1969-01-13,600.27002,600.27002,600.27002,600.27002,600.27002,0
NYA,1969-01-14,604.5,604.5,604.5,604.5,604.5,0
NYA,1969-01-15,607.98999,607.98999,607.98999,607.98999,607.98999,0
NYA,1969-01-16,611.27002,611.27002,611.27002,611.27002,611.27002,0
NYA,1969-01-17,610.73999,610.73999,610.73999,610.73999,610.73999,0
NYA,1969-01-20,609.359985,609.359985,609.359985,609.359985,609.359985,0
NYA,1969-01-21,608.840027,608.840027,608.840027,608.840027,608.840027,0
NYA,1969-01-22,611.27002,611.27002,611.27002,611.27002,611.27002,0
NYA,1969-01-23,614.440002,614.440002,614.440002,614.440002,614.440002,0
NYA,1969-01-24,614.330017,614.330017,614.330017,614.330017,614.330017,0
NYA,1969-01-27,614.330017,614.330017,614.330017,614.330017,614.330017,0
NYA,1969-01-28,614.330017,614.330017,614.330017,614.330017,614.330017,0
NYA,1969-01-29,614.76001,614.76001,614.76001,614.76001,614.76001,0
NYA,1969-01-30,614.969971,614.969971,614.969971,614.969971,614.969971,0
NYA,1969-01-31,617.289978,617.289978,617.289978,617.289978,617.289978,0
NYA,1969-02-03,616.450012,616.450012,616.450012,616.450012,616.450012,0
NYA,1969-02-04,616.549988,616.549988,616.549988,616.549988,616.549988,0
NYA,1969-02-05,617.719971,617.719971,617.719971,617.719971,617.719971,0
NYA,1969-02-06,619.619995,619.619995,619.619995,619.619995,619.619995,0
NYA,1969-02-07,620.039978,620.039978,620.039978,620.039978,620.039978,0
NYA,1969-02-11,620.679993,620.679993,620.679993,620.679993,620.679993,0
NYA,1969-02-12,620.469971,620.469971,620.469971,620.469971,620.469971,0
NYA,1969-02-13,620.679993,620.679993,620.679993,620.679993,620.679993,0
NYA,1969-02-14,620.039978,620.039978,620.039978,620.039978,620.039978,0
NYA,1969-02-17,612.539978,612.539978,612.539978,612.539978,612.539978,0
NYA,1969-02-18,605.659973,605.659973,605.659973,605.659973,605.659973,0
NYA,1969-02-19,600.909973,600.909973,600.909973,600.909973,600.909973,0
NYA,1969-02-20,595.409973,595.409973,595.409973,595.409973,595.409973,0
NYA,1969-02-24,587.789978,587.789978,587.789978,587.789978,587.789978,0
NYA,1969-02-25,583.559998,583.559998,583.559998,583.559998,583.559998,0
NYA,1969-02-26,586.210022,586.210022,586.210022,586.210022,586.210022,0
NYA,1969-02-27,583.780029,583.780029,583.780029,583.780029,583.780029,0
NYA,1969-02-28,583.559998,583.559998,583.559998,583.559998,583.559998,0
NYA,1969-03-03,584.52002,584.52002,584.52002,584.52002,584.52002,0
NYA,1969-03-04,590.22998,590.22998,590.22998,590.22998,590.22998,0
NYA,1969-03-05,592.22998,592.22998,592.22998,592.22998,592.22998,0
NYA,1969-03-06,585.679993,585.679993,585.679993,585.679993,585.679993,0
NYA,1969-03-07,585.039978,585.039978,585.039978,585.039978,585.039978,0
NYA,1969-03-10,586.950012,586.950012,586.950012,586.950012,586.950012,0
NYA,1969-03-11,589.169983,589.169983,589.169983,589.169983,589.169983,0
NYA,1969-03-12,587.580017,587.580017,587.580017,587.580017,587.580017,0
NYA,1969-03-13,583.460022,583.460022,583.460022,583.460022,583.460022,0
NYA,1969-03-14,580.820007,580.820007,580.820007,580.820007,580.820007,0
NYA,1969-03-17,582.190002,582.190002,582.190002,582.190002,582.190002,0
NYA,1969-03-18,583.880005,583.880005,583.880005,583.880005,583.880005,0
NYA,1969-03-19,588.109985,588.109985,588.109985,588.109985,588.109985,0
NYA,1969-03-20,591.919983,591.919983,591.919983,591.919983,591.919983,0
NYA,1969-03-21,590.75,590.75,590.75,590.75,590.75,0
NYA,1969-03-24,589.799988,589.799988,589.799988,589.799988,589.799988,0
NYA,1969-03-25,590.440002,590.440002,590.440002,590.440002,590.440002,0
NYA,1969-03-26,594.349976,594.349976,594.349976,594.349976,594.349976,0
NYA,1969-03-27,598.679993,598.679993,598.679993,598.679993,598.679993,0
NYA,1969-03-28,601.119995,601.119995,601.119995,601.119995,601.119995,0
NYA,1969-04-01,600.27002,600.27002,600.27002,600.27002,600.27002,0
NYA,1969-04-02,596.25,596.25,596.25,596.25,596.25,0
NYA,1969-04-03,595.940002,595.940002,595.940002,595.940002,595.940002,0
NYA,1969-04-07,590.969971,590.969971,590.969971,590.969971,590.969971,0
NYA,1969-04-08,592.450012,592.450012,592.450012,592.450012,592.450012,0
NYA,1969-04-09,597.309998,597.309998,597.309998,597.309998,597.309998,0
NYA,1969-04-10,600.27002,600.27002,600.27002,600.27002,600.27002,0
NYA,1969-04-11,600.799988,600.799988,600.799988,600.799988,600.799988,0
NYA,1969-04-14,600.059998,600.059998,600.059998,600.059998,600.059998,0
NYA,1969-04-15,599.73999,599.73999,599.73999,599.73999,599.73999,0
NYA,1969-04-16,594.559998,594.559998,594.559998,594.559998,594.559998,0
NYA,1969-04-17,595.51001,595.51001,595.51001,595.51001,595.51001,0
NYA,1969-04-18,598.049988,598.049988,598.049988,598.049988,598.049988,0
NYA,1969-04-21,593.710022,593.710022,593.710022,593.710022,593.710022,0
NYA,1969-04-22,594.77002,594.77002,594.77002,594.77002,594.77002,0
NYA,1969-04-23,595.51001,595.51001,595.51001,595.51001,595.51001,0
NYA,1969-04-24,598.159973,598.159973,598.159973,598.159973,598.159973,0
NYA,1969-04-25,601.01001,601.01001,601.01001,601.01001,601.01001,0
NYA,1969-04-28,603.02002,603.02002,603.02002,603.02002,603.02002,0
NYA,1969-04-29,607.780029,607.780029,607.780029,607.780029,607.780029,0
NYA,1969-04-30,613.169983,613.169983,613.169983,613.169983,613.169983,0
NYA,1969-05-01,612.539978,612.539978,612.539978,612.539978,612.539978,0
NYA,1969-05-02,615.070007,615.070007,615.070007,615.070007,615.070007,0
NYA,1969-05-05,617.51001,617.51001,617.51001,617.51001,617.51001,0
NYA,1969-05-06,620.26001,620.26001,620.26001,620.26001,620.26001,0
NYA,1969-05-07,618.98999,618.98999,618.98999,618.98999,618.98999,0
NYA,1969-05-08,621.309998,621.309998,621.309998,621.309998,621.309998,0
NYA,1969-05-09,621.309998,621.309998,621.309998,621.309998,621.309998,0
NYA,1969-05-12,620.359985,620.359985,620.359985,620.359985,620.359985,0
NYA,1969-05-13,622.789978,622.789978,622.789978,622.789978,622.789978,0
NYA,1969-05-14,627.22998,627.22998,627.22998,627.22998,627.22998,0
NYA,1969-05-15,625.330017,625.330017,625.330017,625.330017,625.330017,0
NYA,1969-05-16,625.539978,625.539978,625.539978,625.539978,625.539978,0
NYA,1969-05-19,620.26001,620.26001,620.26001,620.26001,620.26001,0
NYA,1969-05-20,614.969971,614.969971,614.969971,614.969971,614.969971,0
NYA,1969-05-21,617.609985,617.609985,617.609985,617.609985,617.609985,0
NYA,1969-05-22,618.559998,618.559998,618.559998,618.559998,618.559998,0
NYA,1969-05-23,618.349976,618.349976,618.349976,618.349976,618.349976,0
NYA,1969-05-26,617.080017,617.080017,617.080017,617.080017,617.080017,0
NYA,1969-05-27,612.219971,612.219971,612.219971,612.219971,612.219971,0
NYA,1969-05-28,610.530029,610.530029,610.530029,610.530029,610.530029,0
NYA,1969-05-29,611.900024,611.900024,611.900024,611.900024,611.900024,0
NYA,1969-06-02,608.840027,608.840027,608.840027,608.840027,608.840027,0
NYA,1969-06-03,606.830017,606.830017,606.830017,606.830017,606.830017,0
NYA,1969-06-04,606.830017,606.830017,606.830017,606.830017,606.830017,0
NYA,1969-06-05,607.460022,607.460022,607.460022,607.460022,607.460022,0
NYA,1969-06-06,603.549988,603.549988,603.549988,603.549988,603.549988,0
NYA,1969-06-09,597.840027,597.840027,597.840027,597.840027,597.840027,0
NYA,1969-06-10,593.080017,593.080017,593.080017,593.080017,593.080017,0
NYA,1969-06-11,587.47998,587.47998,587.47998,587.47998,587.47998,0
NYA,1969-06-12,579.440002,579.440002,579.440002,579.440002,579.440002,0
NYA,1969-06-13,581.559998,581.559998,581.559998,581.559998,581.559998,0
NYA,1969-06-16,579.549988,579.549988,579.549988,579.549988,579.549988,0
NYA,1969-06-17,576.690002,576.690002,576.690002,576.690002,576.690002,0
NYA,1969-06-18,575.630005,575.630005,575.630005,575.630005,575.630005,0
NYA,1969-06-19,571.090027,571.090027,571.090027,571.090027,571.090027,0
NYA,1969-06-20,567.280029,567.280029,567.280029,567.280029,567.280029,0
NYA,1969-06-23,563.789978,563.789978,563.789978,563.789978,563.789978,0
NYA,1969-06-24,569.919983,569.919983,569.919983,569.919983,569.919983,0
NYA,1969-06-25,568.02002,568.02002,568.02002,568.02002,568.02002,0
NYA,1969-06-26,569.289978,569.289978,569.289978,569.289978,569.289978,0
NYA,1969-06-27,569.710022,569.710022,569.710022,569.710022,569.710022,0
NYA,1969-06-30,572.359985,572.359985,572.359985,572.359985,572.359985,0
NYA,1969-07-01,574.679993,574.679993,574.679993,574.679993,574.679993,0
NYA,1969-07-02,579.650024,579.650024,579.650024,579.650024,579.650024,0
NYA,1969-07-03,583.780029,583.780029,583.780029,583.780029,583.780029,0
NYA,1969-07-07,580.179993,580.179993,580.179993,580.179993,580.179993,0
NYA,1969-07-08,572.25,572.25,572.25,572.25,572.25,0
NYA,1969-07-09,567.809998,567.809998,567.809998,567.809998,567.809998,0
NYA,1969-07-10,558.820007,558.820007,558.820007,558.820007,558.820007,0
NYA,1969-07-11,560.940002,560.940002,560.940002,560.940002,560.940002,0
NYA,1969-07-14,553.75,553.75,553.75,553.75,553.75,0
NYA,1969-07-15,551.419983,551.419983,551.419983,551.419983,551.419983,0
NYA,1969-07-16,557.23999,557.23999,557.23999,557.23999,557.23999,0
NYA,1969-07-17,560.200012,560.200012,560.200012,560.200012,560.200012,0
NYA,1969-07-18,555.969971,555.969971,555.969971,555.969971,555.969971,0
NYA,1969-07-22,547.51001,547.51001,547.51001,547.51001,547.51001,0
NYA,1969-07-23,544.76001,544.76001,544.76001,544.76001,544.76001,0
NYA,1969-07-24,542.75,542.75,542.75,542.75,542.75,0
NYA,1969-07-25,537.359985,537.359985,537.359985,537.359985,537.359985,0
NYA,1969-07-28,525.830017,525.830017,525.830017,525.830017,525.830017,0
NYA,1969-07-29,521.390015,521.390015,521.390015,521.390015,521.390015,0
NYA,1969-07-30,523.929993,523.929993,523.929993,523.929993,523.929993,0
NYA,1969-07-31,535.450012,535.450012,535.450012,535.450012,535.450012,0
NYA,1969-08-01,545.820007,545.820007,545.820007,545.820007,545.820007,0
NYA,1969-08-04,542.960022,542.960022,542.960022,542.960022,542.960022,0
NYA,1969-08-05,545.289978,545.289978,545.289978,545.289978,545.289978,0
NYA,1969-08-06,548.570007,548.570007,548.570007,548.570007,548.570007,0
NYA,1969-08-07,549.200012,549.200012,549.200012,549.200012,549.200012,0
NYA,1969-08-08,548.780029,548.780029,548.780029,548.780029,548.780029,0
NYA,1969-08-11,545.5,545.5,545.5,545.5,545.5,0
NYA,1969-08-12,541.059998,541.059998,541.059998,541.059998,541.059998,0
NYA,1969-08-13,541.27002,541.27002,541.27002,541.27002,541.27002,0
NYA,1969-08-14,545.179993,545.179993,545.179993,545.179993,545.179993,0
NYA,1969-08-15,549.619995,549.619995,549.619995,549.619995,549.619995,0
NYA,1969-08-18,553.530029,553.530029,553.530029,553.530029,553.530029,0
NYA,1969-08-19,556.599976,556.599976,556.599976,556.599976,556.599976,0
NYA,1969-08-20,556.599976,556.599976,556.599976,556.599976,556.599976,0
NYA,1969-08-21,558.080017,558.080017,558.080017,558.080017,558.080017,0
NYA,1969-08-22,561.570007,561.570007,561.570007,561.570007,561.570007,0
NYA,1969-08-25,556.280029,556.280029,556.280029,556.280029,556.280029,0
NYA,1969-08-26,552.049988,552.049988,552.049988,552.049988,552.049988,0
NYA,1969-08-27,553.75,553.75,553.75,553.75,553.75,0
NYA,1969-08-28,555.969971,555.969971,555.969971,555.969971,555.969971,0
NYA,1969-08-29,559.77002,559.77002,559.77002,559.77002,559.77002,0
NYA,1969-09-02,559.349976,559.349976,559.349976,559.349976,559.349976,0
NYA,1969-09-03,555.650024,555.650024,555.650024,555.650024,555.650024,0
NYA,1969-09-04,551,551,551,551,551,0
NYA,1969-09-05,547.719971,547.719971,547.719971,547.719971,547.719971,0
NYA,1969-09-08,542.219971,542.219971,542.219971,542.219971,542.219971,0
NYA,1969-09-09,546.130005,546.130005,546.130005,546.130005,546.130005,0
NYA,1969-09-10,555.02002,555.02002,555.02002,555.02002,555.02002,0
NYA,1969-09-11,551.419983,551.419983,551.419983,551.419983,551.419983,0
NYA,1969-09-12,551.840027,551.840027,551.840027,551.840027,551.840027,0
NYA,1969-09-15,555.119995,555.119995,555.119995,555.119995,555.119995,0
NYA,1969-09-16,556.179993,556.179993,556.179993,556.179993,556.179993,0
NYA,1969-09-17,554.799988,554.799988,554.799988,554.799988,554.799988,0
NYA,1969-09-18,556.710022,556.710022,556.710022,556.710022,556.710022,0
NYA,1969-09-19,558.719971,558.719971,558.719971,558.719971,558.719971,0
NYA,1969-09-22,561.150024,561.150024,561.150024,561.150024,561.150024,0
NYA,1969-09-23,561.25,561.25,561.25,561.25,561.25,0
NYA,1969-09-24,560.200012,560.200012,560.200012,560.200012,560.200012,0
NYA,1969-09-25,556.070007,556.070007,556.070007,556.070007,556.070007,0
NYA,1969-09-26,552.27002,552.27002,552.27002,552.27002,552.27002,0
NYA,1969-09-29,548.25,548.25,548.25,548.25,548.25,0
NYA,1969-09-30,546.559998,546.559998,546.559998,546.559998,546.559998,0
NYA,1969-10-01,543.169983,543.169983,543.169983,543.169983,543.169983,0
NYA,1969-10-02,547.719971,547.719971,547.719971,547.719971,547.719971,0
NYA,1969-10-03,547.400024,547.400024,547.400024,547.400024,547.400024,0
NYA,1969-10-06,548.349976,548.349976,548.349976,548.349976,548.349976,0
NYA,1969-10-07,547.080017,547.080017,547.080017,547.080017,547.080017,0
NYA,1969-10-08,544.440002,544.440002,544.440002,544.440002,544.440002,0
NYA,1969-10-09,546.23999,546.23999,546.23999,546.23999,546.23999,0
NYA,1969-10-10,549.619995,549.619995,549.619995,549.619995,549.619995,0
NYA,1969-10-13,556.5,556.5,556.5,556.5,556.5,0
NYA,1969-10-14,563.789978,563.789978,563.789978,563.789978,563.789978,0
NYA,1969-10-15,564.210022,564.210022,564.210022,564.210022,564.210022,0
NYA,1969-10-16,568.440002,568.440002,568.440002,568.440002,568.440002,0
NYA,1969-10-17,568.02002,568.02002,568.02002,568.02002,568.02002,0
NYA,1969-10-20,569.710022,569.710022,569.710022,569.710022,569.710022,0
NYA,1969-10-21,574.26001,574.26001,574.26001,574.26001,574.26001,0
NYA,1969-10-22,577.960022,577.960022,577.960022,577.960022,577.960022,0
NYA,1969-10-23,576.159973,576.159973,576.159973,576.159973,576.159973,0
NYA,1969-10-24,580.390015,580.390015,580.390015,580.390015,580.390015,0
NYA,1969-10-27,579.76001,579.76001,579.76001,579.76001,579.76001,0
NYA,1969-10-28,578.169983,578.169983,578.169983,578.169983,578.169983,0
NYA,1969-10-29,573.099976,573.099976,573.099976,573.099976,573.099976,0
NYA,1969-10-30,573.940002,573.940002,573.940002,573.940002,573.940002,0
NYA,1969-10-31,575.73999,575.73999,575.73999,575.73999,575.73999,0
NYA,1969-11-03,575.320007,575.320007,575.320007,575.320007,575.320007,0
NYA,1969-11-04,575.849976,575.849976,575.849976,575.849976,575.849976,0
NYA,1969-11-05,578.380005,578.380005,578.380005,578.380005,578.380005,0
NYA,1969-11-06,578.700012,578.700012,578.700012,578.700012,578.700012,0
NYA,1969-11-07,582.299988,582.299988,582.299988,582.299988,582.299988,0
NYA,1969-11-10,582.820007,582.820007,582.820007,582.820007,582.820007,0
NYA,1969-11-11,580.919983,580.919983,580.919983,580.919983,580.919983,0
NYA,1969-11-12,580.070007,580.070007,580.070007,580.070007,580.070007,0
NYA,1969-11-13,576.900024,576.900024,576.900024,576.900024,576.900024,0
NYA,1969-11-14,574.469971,574.469971,574.469971,574.469971,574.469971,0
NYA,1969-11-17,570.140015,570.140015,570.140015,570.140015,570.140015,0
NYA,1969-11-18,569.919983,569.919983,569.919983,569.919983,569.919983,0
NYA,1969-11-19,567.070007,567.070007,567.070007,567.070007,567.070007,0
NYA,1969-11-20,560.830017,560.830017,560.830017,560.830017,560.830017,0
NYA,1969-11-21,557.02002,557.02002,557.02002,557.02002,557.02002,0
NYA,1969-11-24,551.099976,551.099976,551.099976,551.099976,551.099976,0
NYA,1969-11-25,549.619995,549.619995,549.619995,549.619995,549.619995,0
NYA,1969-11-26,551.530029,551.530029,551.530029,551.530029,551.530029,0
NYA,1969-11-28,555.02002,555.02002,555.02002,555.02002,555.02002,0
NYA,1969-12-01,551.099976,551.099976,551.099976,551.099976,551.099976,0
NYA,1969-12-02,547.51001,547.51001,547.51001,547.51001,547.51001,0
NYA,1969-12-03,541.159973,541.159973,541.159973,541.159973,541.159973,0
NYA,1969-12-04,543.070007,543.070007,543.070007,543.070007,543.070007,0
NYA,1969-12-05,541.380005,541.380005,541.380005,541.380005,541.380005,0
NYA,1969-12-08,534.080017,534.080017,534.080017,534.080017,534.080017,0
NYA,1969-12-09,534.929993,534.929993,534.929993,534.929993,534.929993,0
NYA,1969-12-10,533.659973,533.659973,533.659973,533.659973,533.659973,0
NYA,1969-12-11,534.080017,534.080017,534.080017,534.080017,534.080017,0
NYA,1969-12-12,535.669983,535.669983,535.669983,535.669983,535.669983,0
NYA,1969-12-15,534.179993,534.179993,534.179993,534.179993,534.179993,0
NYA,1969-12-16,529.109985,529.109985,529.109985,529.109985,529.109985,0
NYA,1969-12-17,526.359985,526.359985,526.359985,526.359985,526.359985,0
NYA,1969-12-18,534.820007,534.820007,534.820007,534.820007,534.820007,0
NYA,1969-12-19,539.26001,539.26001,539.26001,539.26001,539.26001,0
NYA,1969-12-22,534.289978,534.289978,534.289978,534.289978,534.289978,0
NYA,1969-12-23,531.650024,531.650024,531.650024,531.650024,531.650024,0
NYA,1969-12-24,537.890015,537.890015,537.890015,537.890015,537.890015,0
NYA,1969-12-26,542.330017,542.330017,542.330017,542.330017,542.330017,0
NYA,1969-12-29,538.52002,538.52002,538.52002,538.52002,538.52002,0
NYA,1969-12-30,541.690002,541.690002,541.690002,541.690002,541.690002,0
NYA,1969-12-31,544.859985,544.859985,544.859985,544.859985,544.859985,0
NYA,1970-01-02,550.890015,550.890015,550.890015,550.890015,550.890015,0
NYA,1970-01-05,553.640015,553.640015,553.640015,553.640015,553.640015,0
NYA,1970-01-06,549.830017,549.830017,549.830017,549.830017,549.830017,0
NYA,1970-01-07,548.98999,548.98999,548.98999,548.98999,548.98999,0
NYA,1970-01-08,549.409973,549.409973,549.409973,549.409973,549.409973,0
NYA,1970-01-09,547.929993,547.929993,547.929993,547.929993,547.929993,0
NYA,1970-01-12,543.599976,543.599976,543.599976,543.599976,543.599976,0
NYA,1970-01-13,543.909973,543.909973,543.909973,543.909973,543.909973,0
NYA,1970-01-14,542.859985,542.859985,542.859985,542.859985,542.859985,0
NYA,1970-01-15,542.859985,542.859985,542.859985,542.859985,542.859985,0
NYA,1970-01-16,538.630005,538.630005,538.630005,538.630005,538.630005,0
NYA,1970-01-19,531.539978,531.539978,531.539978,531.539978,531.539978,0
NYA,1970-01-20,532.48999,532.48999,532.48999,532.48999,532.48999,0
NYA,1970-01-21,532.919983,532.919983,532.919983,532.919983,532.919983,0
NYA,1970-01-22,533.22998,533.22998,533.22998,533.22998,533.22998,0
NYA,1970-01-23,527.950012,527.950012,527.950012,527.950012,527.950012,0
NYA,1970-01-26,522.130005,522.130005,522.130005,522.130005,522.130005,0
NYA,1970-01-27,518.539978,518.539978,518.539978,518.539978,518.539978,0
NYA,1970-01-28,513.780029,513.780029,513.780029,513.780029,513.780029,0